KNR;SVM;RF;GB;MLP
1.0426173669192746;0.8471514530291286;0.865040902277703;0.865040902277703;0.8710411867361177
