KNR;SVM;RF;GB;MLP
2.6401673607307794;1.928161484185688;1.700787097208266;1.700787097208266;1.879381343596827
